trial,word,font_color,response,correct,reaction_time,congruent,tiredness,caffeine,focus,adhd,timestamp,session_id
1,Yellow,Blue,Yellow,False,1.306,False,10,Yes,1,Yes,20250710_150809,2ae1a69f_20250710_150809
2,Yellow,Yellow,Blue,False,1.838,True,10,Yes,1,Yes,20250710_150809,2ae1a69f_20250710_150809
3,Green,Blue,Red,False,1.091,False,10,Yes,1,Yes,20250710_150809,2ae1a69f_20250710_150809
4,Blue,Green,Blue,False,0.342,False,10,Yes,1,Yes,20250710_150809,2ae1a69f_20250710_150809
5,Blue,Blue,Yellow,False,2.044,True,10,Yes,1,Yes,20250710_150809,2ae1a69f_20250710_150809
1,Yellow,Blue,Yellow,False,1.6,False,0,No,0,Prefer not to say,20250710_150809,04a8825b_20250710_150809
2,Yellow,Red,Yellow,False,1.054,False,0,No,0,Prefer not to say,20250710_150809,04a8825b_20250710_150809
3,Blue,Green,Red,False,0.718,False,0,No,0,Prefer not to say,20250710_150809,04a8825b_20250710_150809
4,Red,Red,Green,False,1.071,True,0,No,0,Prefer not to say,20250710_150809,04a8825b_20250710_150809
5,Blue,Yellow,Yellow,True,0.801,False,0,No,0,Prefer not to say,20250710_150809,04a8825b_20250710_150809
1,Blue,Red,Yellow,False,0.853,False,10,No,7,Prefer not to say,20250710_150809,3704d876_20250710_150809
2,Red,Yellow,Yellow,True,2.235,False,10,No,7,Prefer not to say,20250710_150809,3704d876_20250710_150809
3,Yellow,Yellow,Red,False,1.681,True,10,No,7,Prefer not to say,20250710_150809,3704d876_20250710_150809
4,Blue,Red,Green,False,1.986,False,10,No,7,Prefer not to say,20250710_150809,3704d876_20250710_150809
5,Green,Red,Yellow,False,0.802,False,10,No,7,Prefer not to say,20250710_150809,3704d876_20250710_150809
1,Red,Green,Green,True,2.025,False,10,No,9,Yes,20250710_150809,0e8ad3c6_20250710_150809
2,Yellow,Green,Green,True,0.793,False,10,No,9,Yes,20250710_150809,0e8ad3c6_20250710_150809
3,Green,Yellow,Red,False,1.739,False,10,No,9,Yes,20250710_150809,0e8ad3c6_20250710_150809
4,Green,Red,Green,False,0.924,False,10,No,9,Yes,20250710_150809,0e8ad3c6_20250710_150809
5,Blue,Green,Blue,False,0.533,False,10,No,9,Yes,20250710_150809,0e8ad3c6_20250710_150809
1,Yellow,Green,Blue,False,1.368,False,6,Yes,0,No,20250710_150809,9df73d1e_20250710_150809
2,Red,Green,Yellow,False,2.064,False,6,Yes,0,No,20250710_150809,9df73d1e_20250710_150809
3,Red,Green,Red,False,0.38,False,6,Yes,0,No,20250710_150809,9df73d1e_20250710_150809
4,Yellow,Yellow,Red,False,0.856,True,6,Yes,0,No,20250710_150809,9df73d1e_20250710_150809
5,Green,Blue,Green,False,2.281,False,6,Yes,0,No,20250710_150809,9df73d1e_20250710_150809
1,Red,Red,Red,True,2.322,True,1,Yes,9,Yes,20250710_150809,9e238077_20250710_150809
2,Red,Red,Blue,False,2.464,True,1,Yes,9,Yes,20250710_150809,9e238077_20250710_150809
3,Red,Yellow,Green,False,1.984,False,1,Yes,9,Yes,20250710_150809,9e238077_20250710_150809
4,Red,Green,Green,True,1.624,False,1,Yes,9,Yes,20250710_150809,9e238077_20250710_150809
5,Green,Yellow,Blue,False,2.058,False,1,Yes,9,Yes,20250710_150809,9e238077_20250710_150809
1,Red,Green,Green,True,1.775,False,1,No,9,Prefer not to say,20250710_150809,95929367_20250710_150809
2,Yellow,Yellow,Green,False,2.375,True,1,No,9,Prefer not to say,20250710_150809,95929367_20250710_150809
3,Yellow,Green,Yellow,False,1.291,False,1,No,9,Prefer not to say,20250710_150809,95929367_20250710_150809
4,Yellow,Blue,Red,False,0.862,False,1,No,9,Prefer not to say,20250710_150809,95929367_20250710_150809
5,Green,Green,Blue,False,0.979,True,1,No,9,Prefer not to say,20250710_150809,95929367_20250710_150809
1,Red,Blue,Red,False,0.821,False,0,No,9,Yes,20250710_150809,40954ad7_20250710_150809
2,Red,Red,Red,True,0.492,True,0,No,9,Yes,20250710_150809,40954ad7_20250710_150809
3,Yellow,Blue,Blue,True,0.457,False,0,No,9,Yes,20250710_150809,40954ad7_20250710_150809
4,Red,Yellow,Blue,False,1.425,False,0,No,9,Yes,20250710_150809,40954ad7_20250710_150809
5,Green,Green,Red,False,0.327,True,0,No,9,Yes,20250710_150809,40954ad7_20250710_150809
1,Yellow,Blue,Blue,True,0.346,False,5,No,0,Prefer not to say,20250710_150809,5dae3136_20250710_150809
2,Green,Green,Yellow,False,2.442,True,5,No,0,Prefer not to say,20250710_150809,5dae3136_20250710_150809
3,Green,Green,Blue,False,1.799,True,5,No,0,Prefer not to say,20250710_150809,5dae3136_20250710_150809
4,Blue,Blue,Blue,True,1.383,True,5,No,0,Prefer not to say,20250710_150809,5dae3136_20250710_150809
5,Red,Blue,Green,False,1.799,False,5,No,0,Prefer not to say,20250710_150809,5dae3136_20250710_150809
1,Red,Yellow,Yellow,True,1.568,False,6,Yes,6,No,20250710_150809,83446484_20250710_150809
2,Green,Red,Yellow,False,0.348,False,6,Yes,6,No,20250710_150809,83446484_20250710_150809
3,Yellow,Yellow,Green,False,2.428,True,6,Yes,6,No,20250710_150809,83446484_20250710_150809
4,Red,Yellow,Red,False,0.326,False,6,Yes,6,No,20250710_150809,83446484_20250710_150809
5,Green,Blue,Blue,True,0.388,False,6,Yes,6,No,20250710_150809,83446484_20250710_150809
1,Blue,Yellow,Yellow,True,2.007,False,5,Yes,10,Yes,20250710_150809,150dabea_20250710_150809
2,Green,Green,Red,False,1.765,True,5,Yes,10,Yes,20250710_150809,150dabea_20250710_150809
3,Green,Blue,Red,False,1.406,False,5,Yes,10,Yes,20250710_150809,150dabea_20250710_150809
4,Red,Green,Yellow,False,2.116,False,5,Yes,10,Yes,20250710_150809,150dabea_20250710_150809
5,Green,Red,Green,False,1.874,False,5,Yes,10,Yes,20250710_150809,150dabea_20250710_150809
1,Blue,Green,Green,True,1.196,False,2,No,4,Yes,20250710_150809,e09002ed_20250710_150809
2,Blue,Yellow,Yellow,True,1.321,False,2,No,4,Yes,20250710_150809,e09002ed_20250710_150809
3,Green,Red,Green,False,1.891,False,2,No,4,Yes,20250710_150809,e09002ed_20250710_150809
4,Green,Green,Red,False,2.128,True,2,No,4,Yes,20250710_150809,e09002ed_20250710_150809
5,Blue,Red,Blue,False,1.262,False,2,No,4,Yes,20250710_150809,e09002ed_20250710_150809
1,Green,Yellow,Green,False,0.763,False,2,Yes,4,Prefer not to say,20250710_150809,5396bc00_20250710_150809
2,Red,Green,Red,False,1.526,False,2,Yes,4,Prefer not to say,20250710_150809,5396bc00_20250710_150809
3,Red,Green,Blue,False,1.457,False,2,Yes,4,Prefer not to say,20250710_150809,5396bc00_20250710_150809
4,Red,Yellow,Blue,False,2.366,False,2,Yes,4,Prefer not to say,20250710_150809,5396bc00_20250710_150809
5,Red,Red,Yellow,False,1.049,True,2,Yes,4,Prefer not to say,20250710_150809,5396bc00_20250710_150809
1,Red,Red,Blue,False,0.952,True,2,Yes,9,Prefer not to say,20250710_150809,14fdccea_20250710_150809
2,Blue,Green,Blue,False,0.677,False,2,Yes,9,Prefer not to say,20250710_150809,14fdccea_20250710_150809
3,Yellow,Green,Red,False,0.335,False,2,Yes,9,Prefer not to say,20250710_150809,14fdccea_20250710_150809
4,Green,Red,Yellow,False,1.641,False,2,Yes,9,Prefer not to say,20250710_150809,14fdccea_20250710_150809
5,Blue,Green,Green,True,2.036,False,2,Yes,9,Prefer not to say,20250710_150809,14fdccea_20250710_150809
1,Green,Yellow,Red,False,0.621,False,2,No,8,No,20250710_150809,fa9d11da_20250710_150809
2,Green,Red,Red,True,0.904,False,2,No,8,No,20250710_150809,fa9d11da_20250710_150809
3,Red,Yellow,Yellow,True,1.679,False,2,No,8,No,20250710_150809,fa9d11da_20250710_150809
4,Yellow,Green,Green,True,2.295,False,2,No,8,No,20250710_150809,fa9d11da_20250710_150809
5,Green,Green,Yellow,False,0.424,True,2,No,8,No,20250710_150809,fa9d11da_20250710_150809
1,Yellow,Green,Yellow,False,1.734,False,7,No,9,No,20250710_150809,10c184a7_20250710_150809
2,Red,Yellow,Yellow,True,0.556,False,7,No,9,No,20250710_150809,10c184a7_20250710_150809
3,Green,Red,Yellow,False,0.956,False,7,No,9,No,20250710_150809,10c184a7_20250710_150809
4,Red,Green,Red,False,1.631,False,7,No,9,No,20250710_150809,10c184a7_20250710_150809
5,Blue,Yellow,Green,False,0.741,False,7,No,9,No,20250710_150809,10c184a7_20250710_150809
1,Blue,Blue,Red,False,1.749,True,2,No,5,Prefer not to say,20250710_150809,db8d95f3_20250710_150809
2,Green,Yellow,Red,False,2.051,False,2,No,5,Prefer not to say,20250710_150809,db8d95f3_20250710_150809
3,Yellow,Green,Blue,False,0.697,False,2,No,5,Prefer not to say,20250710_150809,db8d95f3_20250710_150809
4,Green,Green,Blue,False,1.053,True,2,No,5,Prefer not to say,20250710_150809,db8d95f3_20250710_150809
5,Red,Green,Yellow,False,0.542,False,2,No,5,Prefer not to say,20250710_150809,db8d95f3_20250710_150809
1,Red,Red,Green,False,1.607,True,5,No,10,Prefer not to say,20250710_150809,edcbced3_20250710_150809
2,Yellow,Green,Green,True,2.465,False,5,No,10,Prefer not to say,20250710_150809,edcbced3_20250710_150809
3,Green,Blue,Blue,True,1.254,False,5,No,10,Prefer not to say,20250710_150809,edcbced3_20250710_150809
4,Red,Blue,Green,False,0.617,False,5,No,10,Prefer not to say,20250710_150809,edcbced3_20250710_150809
5,Blue,Blue,Blue,True,1.012,True,5,No,10,Prefer not to say,20250710_150809,edcbced3_20250710_150809
1,Blue,Green,Yellow,False,1.394,False,8,No,3,No,20250710_150809,ca33f90b_20250710_150809
2,Red,Green,Green,True,1.529,False,8,No,3,No,20250710_150809,ca33f90b_20250710_150809
3,Yellow,Blue,Green,False,0.862,False,8,No,3,No,20250710_150809,ca33f90b_20250710_150809
4,Red,Red,Green,False,0.839,True,8,No,3,No,20250710_150809,ca33f90b_20250710_150809
5,Green,Blue,Yellow,False,1.63,False,8,No,3,No,20250710_150809,ca33f90b_20250710_150809
1,Green,Blue,Yellow,False,2.169,False,10,Yes,10,Prefer not to say,20250710_150809,a5b7b531_20250710_150809
2,Green,Blue,Blue,True,1.87,False,10,Yes,10,Prefer not to say,20250710_150809,a5b7b531_20250710_150809
3,Blue,Green,Blue,False,1.355,False,10,Yes,10,Prefer not to say,20250710_150809,a5b7b531_20250710_150809
4,Yellow,Yellow,Yellow,True,1.048,True,10,Yes,10,Prefer not to say,20250710_150809,a5b7b531_20250710_150809
5,Red,Red,Yellow,False,2.424,True,10,Yes,10,Prefer not to say,20250710_150809,a5b7b531_20250710_150809
1,Yellow,Blue,Red,False,2.308,False,2,Yes,6,No,20250710_150809,97228123_20250710_150809
2,Blue,Yellow,Blue,False,1.432,False,2,Yes,6,No,20250710_150809,97228123_20250710_150809
3,Yellow,Green,Blue,False,1.387,False,2,Yes,6,No,20250710_150809,97228123_20250710_150809
4,Red,Blue,Blue,True,0.997,False,2,Yes,6,No,20250710_150809,97228123_20250710_150809
5,Green,Blue,Blue,True,2.099,False,2,Yes,6,No,20250710_150809,97228123_20250710_150809
1,Blue,Green,Blue,False,0.607,False,5,No,2,No,20250710_150809,aeaaab63_20250710_150809
2,Red,Green,Yellow,False,1.371,False,5,No,2,No,20250710_150809,aeaaab63_20250710_150809
3,Red,Green,Green,True,2.35,False,5,No,2,No,20250710_150809,aeaaab63_20250710_150809
4,Blue,Yellow,Red,False,1.509,False,5,No,2,No,20250710_150809,aeaaab63_20250710_150809
5,Green,Green,Red,False,0.358,True,5,No,2,No,20250710_150809,aeaaab63_20250710_150809
1,Yellow,Blue,Yellow,False,1.448,False,6,No,0,Yes,20250710_150809,ee600972_20250710_150809
2,Yellow,Red,Red,True,1.204,False,6,No,0,Yes,20250710_150809,ee600972_20250710_150809
3,Blue,Red,Red,True,0.487,False,6,No,0,Yes,20250710_150809,ee600972_20250710_150809
4,Yellow,Green,Green,True,1.736,False,6,No,0,Yes,20250710_150809,ee600972_20250710_150809
5,Green,Yellow,Blue,False,1.277,False,6,No,0,Yes,20250710_150809,ee600972_20250710_150809
1,Green,Yellow,Red,False,1.372,False,1,Yes,7,No,20250710_150809,8f2f741d_20250710_150809
2,Yellow,Blue,Green,False,1.593,False,1,Yes,7,No,20250710_150809,8f2f741d_20250710_150809
3,Green,Yellow,Red,False,2.058,False,1,Yes,7,No,20250710_150809,8f2f741d_20250710_150809
4,Yellow,Green,Red,False,1.888,False,1,Yes,7,No,20250710_150809,8f2f741d_20250710_150809
5,Yellow,Green,Green,True,1.055,False,1,Yes,7,No,20250710_150809,8f2f741d_20250710_150809
1,Yellow,Red,Blue,False,0.35,False,7,Yes,9,Prefer not to say,20250710_150809,e43dc042_20250710_150809
2,Green,Red,Green,False,1.575,False,7,Yes,9,Prefer not to say,20250710_150809,e43dc042_20250710_150809
3,Yellow,Red,Red,True,1.604,False,7,Yes,9,Prefer not to say,20250710_150809,e43dc042_20250710_150809
4,Yellow,Green,Yellow,False,2.365,False,7,Yes,9,Prefer not to say,20250710_150809,e43dc042_20250710_150809
5,Red,Green,Green,True,2.092,False,7,Yes,9,Prefer not to say,20250710_150809,e43dc042_20250710_150809
1,Red,Yellow,Red,False,0.437,False,1,No,6,Yes,20250710_150809,6bbb5eb0_20250710_150809
2,Yellow,Blue,Yellow,False,0.91,False,1,No,6,Yes,20250710_150809,6bbb5eb0_20250710_150809
3,Red,Blue,Yellow,False,0.47,False,1,No,6,Yes,20250710_150809,6bbb5eb0_20250710_150809
4,Green,Red,Yellow,False,0.746,False,1,No,6,Yes,20250710_150809,6bbb5eb0_20250710_150809
5,Blue,Yellow,Red,False,2.479,False,1,No,6,Yes,20250710_150809,6bbb5eb0_20250710_150809
1,Blue,Blue,Yellow,False,0.68,True,2,Yes,6,Prefer not to say,20250710_150809,17915516_20250710_150809
2,Blue,Red,Green,False,2.394,False,2,Yes,6,Prefer not to say,20250710_150809,17915516_20250710_150809
3,Green,Red,Yellow,False,2.248,False,2,Yes,6,Prefer not to say,20250710_150809,17915516_20250710_150809
4,Red,Red,Yellow,False,1.338,True,2,Yes,6,Prefer not to say,20250710_150809,17915516_20250710_150809
5,Blue,Green,Green,True,0.816,False,2,Yes,6,Prefer not to say,20250710_150809,17915516_20250710_150809
1,Blue,Green,Green,True,2.417,False,5,No,4,No,20250710_150809,9df1b00c_20250710_150809
2,Red,Red,Green,False,1.538,True,5,No,4,No,20250710_150809,9df1b00c_20250710_150809
3,Blue,Blue,Red,False,0.548,True,5,No,4,No,20250710_150809,9df1b00c_20250710_150809
4,Green,Yellow,Green,False,1.255,False,5,No,4,No,20250710_150809,9df1b00c_20250710_150809
5,Red,Blue,Blue,True,1.841,False,5,No,4,No,20250710_150809,9df1b00c_20250710_150809
1,Blue,Red,Blue,False,1.024,False,5,No,2,No,20250710_150809,e0bbde8d_20250710_150809
2,Red,Green,Green,True,2.332,False,5,No,2,No,20250710_150809,e0bbde8d_20250710_150809
3,Red,Green,Blue,False,1.189,False,5,No,2,No,20250710_150809,e0bbde8d_20250710_150809
4,Green,Blue,Red,False,1.785,False,5,No,2,No,20250710_150809,e0bbde8d_20250710_150809
5,Blue,Blue,Blue,True,1.591,True,5,No,2,No,20250710_150809,e0bbde8d_20250710_150809
1,Yellow,Red,Yellow,False,1.998,False,2,Yes,10,No,20250710_150809,02cb4259_20250710_150809
2,Yellow,Green,Blue,False,0.444,False,2,Yes,10,No,20250710_150809,02cb4259_20250710_150809
3,Red,Green,Blue,False,2.394,False,2,Yes,10,No,20250710_150809,02cb4259_20250710_150809
4,Yellow,Red,Green,False,0.326,False,2,Yes,10,No,20250710_150809,02cb4259_20250710_150809
5,Yellow,Yellow,Green,False,0.616,True,2,Yes,10,No,20250710_150809,02cb4259_20250710_150809
1,Green,Red,Yellow,False,1.848,False,9,No,2,Prefer not to say,20250710_150809,324c1591_20250710_150809
2,Blue,Blue,Yellow,False,0.761,True,9,No,2,Prefer not to say,20250710_150809,324c1591_20250710_150809
3,Yellow,Yellow,Yellow,True,2.485,True,9,No,2,Prefer not to say,20250710_150809,324c1591_20250710_150809
4,Blue,Red,Red,True,1.952,False,9,No,2,Prefer not to say,20250710_150809,324c1591_20250710_150809
5,Yellow,Blue,Blue,True,1.96,False,9,No,2,Prefer not to say,20250710_150809,324c1591_20250710_150809
1,Red,Blue,Blue,True,2.495,False,0,Yes,0,No,20250710_150809,2ec16f06_20250710_150809
2,Green,Yellow,Blue,False,0.472,False,0,Yes,0,No,20250710_150809,2ec16f06_20250710_150809
3,Green,Yellow,Green,False,0.689,False,0,Yes,0,No,20250710_150809,2ec16f06_20250710_150809
4,Red,Red,Red,True,1.931,True,0,Yes,0,No,20250710_150809,2ec16f06_20250710_150809
5,Blue,Green,Green,True,1.371,False,0,Yes,0,No,20250710_150809,2ec16f06_20250710_150809
1,Red,Red,Yellow,False,2.378,True,9,Yes,7,Prefer not to say,20250710_150809,c728d0f2_20250710_150809
2,Red,Red,Red,True,2.301,True,9,Yes,7,Prefer not to say,20250710_150809,c728d0f2_20250710_150809
3,Red,Red,Green,False,1.199,True,9,Yes,7,Prefer not to say,20250710_150809,c728d0f2_20250710_150809
4,Green,Red,Yellow,False,1.504,False,9,Yes,7,Prefer not to say,20250710_150809,c728d0f2_20250710_150809
5,Blue,Green,Yellow,False,1.843,False,9,Yes,7,Prefer not to say,20250710_150809,c728d0f2_20250710_150809
1,Blue,Green,Red,False,1.621,False,4,No,4,No,20250710_150809,9798563b_20250710_150809
2,Blue,Green,Blue,False,1.185,False,4,No,4,No,20250710_150809,9798563b_20250710_150809
3,Yellow,Green,Blue,False,1.251,False,4,No,4,No,20250710_150809,9798563b_20250710_150809
4,Yellow,Yellow,Red,False,1.821,True,4,No,4,No,20250710_150809,9798563b_20250710_150809
5,Red,Green,Yellow,False,0.604,False,4,No,4,No,20250710_150809,9798563b_20250710_150809
1,Yellow,Red,Blue,False,0.584,False,1,Yes,1,Yes,20250710_150809,e3ada759_20250710_150809
2,Yellow,Blue,Green,False,1.257,False,1,Yes,1,Yes,20250710_150809,e3ada759_20250710_150809
3,Red,Green,Blue,False,2.418,False,1,Yes,1,Yes,20250710_150809,e3ada759_20250710_150809
4,Yellow,Yellow,Blue,False,1.549,True,1,Yes,1,Yes,20250710_150809,e3ada759_20250710_150809
5,Blue,Green,Red,False,1.136,False,1,Yes,1,Yes,20250710_150809,e3ada759_20250710_150809
1,Blue,Blue,Yellow,False,0.913,True,8,No,2,Prefer not to say,20250710_150809,df8e7033_20250710_150809
2,Green,Yellow,Red,False,1.865,False,8,No,2,Prefer not to say,20250710_150809,df8e7033_20250710_150809
3,Red,Green,Green,True,0.536,False,8,No,2,Prefer not to say,20250710_150809,df8e7033_20250710_150809
4,Red,Red,Green,False,0.399,True,8,No,2,Prefer not to say,20250710_150809,df8e7033_20250710_150809
5,Blue,Green,Red,False,0.726,False,8,No,2,Prefer not to say,20250710_150809,df8e7033_20250710_150809
1,Yellow,Blue,Green,False,0.377,False,3,Yes,10,Yes,20250710_150809,db0e0bd7_20250710_150809
2,Yellow,Red,Green,False,2.23,False,3,Yes,10,Yes,20250710_150809,db0e0bd7_20250710_150809
3,Blue,Blue,Blue,True,0.944,True,3,Yes,10,Yes,20250710_150809,db0e0bd7_20250710_150809
4,Green,Blue,Red,False,0.353,False,3,Yes,10,Yes,20250710_150809,db0e0bd7_20250710_150809
5,Yellow,Blue,Blue,True,2.48,False,3,Yes,10,Yes,20250710_150809,db0e0bd7_20250710_150809
1,Green,Blue,Red,False,0.505,False,0,No,9,Prefer not to say,20250710_150809,017bd515_20250710_150809
2,Blue,Red,Green,False,2.145,False,0,No,9,Prefer not to say,20250710_150809,017bd515_20250710_150809
3,Red,Green,Red,False,0.834,False,0,No,9,Prefer not to say,20250710_150809,017bd515_20250710_150809
4,Green,Blue,Green,False,0.87,False,0,No,9,Prefer not to say,20250710_150809,017bd515_20250710_150809
5,Green,Blue,Blue,True,0.754,False,0,No,9,Prefer not to say,20250710_150809,017bd515_20250710_150809
1,Blue,Blue,Yellow,False,1.401,True,0,No,1,Prefer not to say,20250710_150809,f8e6b97c_20250710_150809
2,Yellow,Blue,Yellow,False,2.458,False,0,No,1,Prefer not to say,20250710_150809,f8e6b97c_20250710_150809
3,Red,Green,Red,False,1.349,False,0,No,1,Prefer not to say,20250710_150809,f8e6b97c_20250710_150809
4,Yellow,Red,Green,False,1.082,False,0,No,1,Prefer not to say,20250710_150809,f8e6b97c_20250710_150809
5,Green,Green,Green,True,1.71,True,0,No,1,Prefer not to say,20250710_150809,f8e6b97c_20250710_150809
1,Blue,Green,Yellow,False,2.275,False,5,No,4,No,20250710_150809,7c4e9b90_20250710_150809
2,Yellow,Blue,Yellow,False,1.984,False,5,No,4,No,20250710_150809,7c4e9b90_20250710_150809
3,Green,Red,Blue,False,2.19,False,5,No,4,No,20250710_150809,7c4e9b90_20250710_150809
4,Yellow,Yellow,Yellow,True,1.123,True,5,No,4,No,20250710_150809,7c4e9b90_20250710_150809
5,Green,Red,Red,True,0.402,False,5,No,4,No,20250710_150809,7c4e9b90_20250710_150809
1,Blue,Blue,Red,False,1.899,True,3,No,1,Prefer not to say,20250710_150809,4500905c_20250710_150809
2,Blue,Red,Blue,False,0.916,False,3,No,1,Prefer not to say,20250710_150809,4500905c_20250710_150809
3,Blue,Green,Yellow,False,0.988,False,3,No,1,Prefer not to say,20250710_150809,4500905c_20250710_150809
4,Yellow,Red,Red,True,1.677,False,3,No,1,Prefer not to say,20250710_150809,4500905c_20250710_150809
5,Blue,Green,Blue,False,0.594,False,3,No,1,Prefer not to say,20250710_150809,4500905c_20250710_150809
1,Green,Green,Red,False,1.9,True,7,Yes,2,No,20250710_150809,1aecbad5_20250710_150809
2,Green,Green,Red,False,1.782,True,7,Yes,2,No,20250710_150809,1aecbad5_20250710_150809
3,Green,Green,Yellow,False,2.108,True,7,Yes,2,No,20250710_150809,1aecbad5_20250710_150809
4,Yellow,Green,Yellow,False,1.463,False,7,Yes,2,No,20250710_150809,1aecbad5_20250710_150809
5,Green,Green,Blue,False,0.604,True,7,Yes,2,No,20250710_150809,1aecbad5_20250710_150809
1,Red,Green,Yellow,False,2.221,False,5,No,4,Yes,20250710_150809,eb584984_20250710_150809
2,Yellow,Red,Yellow,False,1.501,False,5,No,4,Yes,20250710_150809,eb584984_20250710_150809
3,Green,Red,Yellow,False,1.244,False,5,No,4,Yes,20250710_150809,eb584984_20250710_150809
4,Blue,Red,Yellow,False,2.226,False,5,No,4,Yes,20250710_150809,eb584984_20250710_150809
5,Blue,Yellow,Blue,False,2.108,False,5,No,4,Yes,20250710_150809,eb584984_20250710_150809
1,Blue,Red,Blue,False,0.38,False,9,Yes,4,Yes,20250710_150809,9cd5a252_20250710_150809
2,Blue,Red,Red,True,0.653,False,9,Yes,4,Yes,20250710_150809,9cd5a252_20250710_150809
3,Yellow,Yellow,Blue,False,2.251,True,9,Yes,4,Yes,20250710_150809,9cd5a252_20250710_150809
4,Yellow,Red,Blue,False,2.448,False,9,Yes,4,Yes,20250710_150809,9cd5a252_20250710_150809
5,Green,Red,Red,True,1.25,False,9,Yes,4,Yes,20250710_150809,9cd5a252_20250710_150809
1,Red,Blue,Red,False,0.402,False,10,No,0,Prefer not to say,20250710_150809,fbb6c3f6_20250710_150809
2,Blue,Blue,Red,False,2.41,True,10,No,0,Prefer not to say,20250710_150809,fbb6c3f6_20250710_150809
3,Yellow,Yellow,Red,False,0.568,True,10,No,0,Prefer not to say,20250710_150809,fbb6c3f6_20250710_150809
4,Blue,Red,Yellow,False,1.478,False,10,No,0,Prefer not to say,20250710_150809,fbb6c3f6_20250710_150809
5,Yellow,Blue,Red,False,0.337,False,10,No,0,Prefer not to say,20250710_150809,fbb6c3f6_20250710_150809
1,Red,Red,Blue,False,1.243,True,2,No,7,No,20250710_150809,72f457a4_20250710_150809
2,Green,Blue,Green,False,2.094,False,2,No,7,No,20250710_150809,72f457a4_20250710_150809
3,Green,Blue,Red,False,0.569,False,2,No,7,No,20250710_150809,72f457a4_20250710_150809
4,Green,Red,Red,True,1.308,False,2,No,7,No,20250710_150809,72f457a4_20250710_150809
5,Blue,Green,Red,False,1.229,False,2,No,7,No,20250710_150809,72f457a4_20250710_150809
1,Green,Yellow,Red,False,1.194,False,9,No,6,Yes,20250710_150809,eebe5d4c_20250710_150809
2,Blue,Yellow,Red,False,2.381,False,9,No,6,Yes,20250710_150809,eebe5d4c_20250710_150809
3,Blue,Red,Blue,False,0.644,False,9,No,6,Yes,20250710_150809,eebe5d4c_20250710_150809
4,Green,Blue,Green,False,0.959,False,9,No,6,Yes,20250710_150809,eebe5d4c_20250710_150809
5,Blue,Blue,Green,False,0.394,True,9,No,6,Yes,20250710_150809,eebe5d4c_20250710_150809
1,Red,Green,Red,False,1.625,False,5,Yes,4,Yes,20250710_150809,50614b0f_20250710_150809
2,Blue,Yellow,Red,False,1.856,False,5,Yes,4,Yes,20250710_150809,50614b0f_20250710_150809
3,Yellow,Green,Blue,False,1.1,False,5,Yes,4,Yes,20250710_150809,50614b0f_20250710_150809
4,Blue,Blue,Yellow,False,0.475,True,5,Yes,4,Yes,20250710_150809,50614b0f_20250710_150809
5,Red,Yellow,Yellow,True,1.229,False,5,Yes,4,Yes,20250710_150809,50614b0f_20250710_150809
1,Blue,Red,Green,False,0.849,False,7,No,7,Yes,20250710_150809,5343c0d0_20250710_150809
2,Red,Blue,Red,False,0.857,False,7,No,7,Yes,20250710_150809,5343c0d0_20250710_150809
3,Blue,Blue,Red,False,2.451,True,7,No,7,Yes,20250710_150809,5343c0d0_20250710_150809
4,Green,Red,Yellow,False,2.441,False,7,No,7,Yes,20250710_150809,5343c0d0_20250710_150809
5,Green,Yellow,Blue,False,2.163,False,7,No,7,Yes,20250710_150809,5343c0d0_20250710_150809
1,Red,Green,Green,True,1.677,False,8,Yes,9,Yes,20250710_150809,819a3656_20250710_150809
2,Green,Red,Green,False,0.328,False,8,Yes,9,Yes,20250710_150809,819a3656_20250710_150809
3,Green,Blue,Yellow,False,2.154,False,8,Yes,9,Yes,20250710_150809,819a3656_20250710_150809
4,Green,Yellow,Green,False,2.25,False,8,Yes,9,Yes,20250710_150809,819a3656_20250710_150809
5,Blue,Red,Blue,False,0.814,False,8,Yes,9,Yes,20250710_150809,819a3656_20250710_150809
1,Blue,Green,Red,False,2.297,False,10,No,7,No,20250710_150809,ffb28a87_20250710_150809
2,Green,Yellow,Red,False,1.179,False,10,No,7,No,20250710_150809,ffb28a87_20250710_150809
3,Red,Green,Red,False,1.51,False,10,No,7,No,20250710_150809,ffb28a87_20250710_150809
4,Blue,Red,Red,True,1.344,False,10,No,7,No,20250710_150809,ffb28a87_20250710_150809
5,Red,Green,Yellow,False,2.048,False,10,No,7,No,20250710_150809,ffb28a87_20250710_150809
1,Green,Green,Green,True,1.975,True,7,Yes,6,No,20250710_150809,5dad881a_20250710_150809
2,Green,Green,Blue,False,0.983,True,7,Yes,6,No,20250710_150809,5dad881a_20250710_150809
3,Red,Blue,Blue,True,0.857,False,7,Yes,6,No,20250710_150809,5dad881a_20250710_150809
4,Yellow,Blue,Green,False,2.295,False,7,Yes,6,No,20250710_150809,5dad881a_20250710_150809
5,Blue,Green,Red,False,2.079,False,7,Yes,6,No,20250710_150809,5dad881a_20250710_150809
1,Blue,Blue,Green,False,1.696,True,9,No,2,Prefer not to say,20250710_150809,a9c3cfda_20250710_150809
2,Yellow,Green,Green,True,1.866,False,9,No,2,Prefer not to say,20250710_150809,a9c3cfda_20250710_150809
3,Green,Blue,Red,False,2.412,False,9,No,2,Prefer not to say,20250710_150809,a9c3cfda_20250710_150809
4,Red,Green,Green,True,2.467,False,9,No,2,Prefer not to say,20250710_150809,a9c3cfda_20250710_150809
5,Red,Green,Green,True,1.062,False,9,No,2,Prefer not to say,20250710_150809,a9c3cfda_20250710_150809
1,Red,Blue,Yellow,False,1.555,False,0,Yes,0,Prefer not to say,20250710_150809,36034b32_20250710_150809
2,Red,Green,Blue,False,2.015,False,0,Yes,0,Prefer not to say,20250710_150809,36034b32_20250710_150809
3,Green,Green,Green,True,1.677,True,0,Yes,0,Prefer not to say,20250710_150809,36034b32_20250710_150809
4,Blue,Blue,Yellow,False,2.154,True,0,Yes,0,Prefer not to say,20250710_150809,36034b32_20250710_150809
5,Blue,Green,Red,False,2.21,False,0,Yes,0,Prefer not to say,20250710_150809,36034b32_20250710_150809
1,Green,Red,Blue,False,1.727,False,0,No,2,Prefer not to say,20250710_150809,d7db2d3b_20250710_150809
2,Red,Yellow,Green,False,1.194,False,0,No,2,Prefer not to say,20250710_150809,d7db2d3b_20250710_150809
3,Red,Green,Red,False,2.383,False,0,No,2,Prefer not to say,20250710_150809,d7db2d3b_20250710_150809
4,Green,Green,Blue,False,1.887,True,0,No,2,Prefer not to say,20250710_150809,d7db2d3b_20250710_150809
5,Blue,Green,Red,False,0.3,False,0,No,2,Prefer not to say,20250710_150809,d7db2d3b_20250710_150809
1,Red,Green,Green,True,1.119,False,2,No,6,Prefer not to say,20250710_150809,cbe78952_20250710_150809
2,Yellow,Yellow,Green,False,2.392,True,2,No,6,Prefer not to say,20250710_150809,cbe78952_20250710_150809
3,Green,Green,Green,True,2.196,True,2,No,6,Prefer not to say,20250710_150809,cbe78952_20250710_150809
4,Green,Yellow,Red,False,2.446,False,2,No,6,Prefer not to say,20250710_150809,cbe78952_20250710_150809
5,Blue,Yellow,Red,False,1.107,False,2,No,6,Prefer not to say,20250710_150809,cbe78952_20250710_150809
1,Green,Yellow,Blue,False,1.96,False,3,No,9,Yes,20250710_150809,75165e51_20250710_150809
2,Red,Red,Blue,False,0.518,True,3,No,9,Yes,20250710_150809,75165e51_20250710_150809
3,Yellow,Red,Yellow,False,2.371,False,3,No,9,Yes,20250710_150809,75165e51_20250710_150809
4,Red,Yellow,Blue,False,1.668,False,3,No,9,Yes,20250710_150809,75165e51_20250710_150809
5,Blue,Green,Yellow,False,0.405,False,3,No,9,Yes,20250710_150809,75165e51_20250710_150809
1,Blue,Red,Yellow,False,1.429,False,3,Yes,2,Yes,20250710_150809,2ad31192_20250710_150809
2,Red,Blue,Green,False,1.967,False,3,Yes,2,Yes,20250710_150809,2ad31192_20250710_150809
3,Green,Green,Yellow,False,1.289,True,3,Yes,2,Yes,20250710_150809,2ad31192_20250710_150809
4,Blue,Green,Green,True,1.797,False,3,Yes,2,Yes,20250710_150809,2ad31192_20250710_150809
5,Green,Yellow,Red,False,1.827,False,3,Yes,2,Yes,20250710_150809,2ad31192_20250710_150809
1,Blue,Yellow,Green,False,1.087,False,8,No,1,Yes,20250710_150809,33b8837b_20250710_150809
2,Yellow,Green,Yellow,False,2.303,False,8,No,1,Yes,20250710_150809,33b8837b_20250710_150809
3,Red,Yellow,Red,False,0.8,False,8,No,1,Yes,20250710_150809,33b8837b_20250710_150809
4,Blue,Green,Blue,False,0.482,False,8,No,1,Yes,20250710_150809,33b8837b_20250710_150809
5,Blue,Blue,Blue,True,0.983,True,8,No,1,Yes,20250710_150809,33b8837b_20250710_150809
1,Yellow,Green,Yellow,False,2.283,False,2,No,2,Yes,20250710_150809,18bc6085_20250710_150809
2,Green,Green,Green,True,0.848,True,2,No,2,Yes,20250710_150809,18bc6085_20250710_150809
3,Yellow,Blue,Blue,True,1.249,False,2,No,2,Yes,20250710_150809,18bc6085_20250710_150809
4,Blue,Blue,Yellow,False,0.631,True,2,No,2,Yes,20250710_150809,18bc6085_20250710_150809
5,Yellow,Green,Blue,False,2.03,False,2,No,2,Yes,20250710_150809,18bc6085_20250710_150809
1,Blue,Blue,Yellow,False,1.986,True,8,No,7,Yes,20250710_150809,49c11933_20250710_150809
2,Red,Green,Red,False,0.571,False,8,No,7,Yes,20250710_150809,49c11933_20250710_150809
3,Blue,Red,Blue,False,1.33,False,8,No,7,Yes,20250710_150809,49c11933_20250710_150809
4,Blue,Green,Blue,False,1.672,False,8,No,7,Yes,20250710_150809,49c11933_20250710_150809
5,Blue,Yellow,Red,False,1.137,False,8,No,7,Yes,20250710_150809,49c11933_20250710_150809
1,Yellow,Blue,Red,False,1.208,False,10,No,7,Prefer not to say,20250710_150809,e6cf7ee1_20250710_150809
2,Yellow,Blue,Green,False,2.209,False,10,No,7,Prefer not to say,20250710_150809,e6cf7ee1_20250710_150809
3,Blue,Red,Blue,False,1.481,False,10,No,7,Prefer not to say,20250710_150809,e6cf7ee1_20250710_150809
4,Red,Yellow,Red,False,1.112,False,10,No,7,Prefer not to say,20250710_150809,e6cf7ee1_20250710_150809
5,Red,Blue,Yellow,False,2.26,False,10,No,7,Prefer not to say,20250710_150809,e6cf7ee1_20250710_150809
1,Red,Green,Red,False,1.708,False,2,Yes,5,No,20250710_150809,2715d2f5_20250710_150809
2,Blue,Green,Yellow,False,2.236,False,2,Yes,5,No,20250710_150809,2715d2f5_20250710_150809
3,Blue,Red,Blue,False,1.753,False,2,Yes,5,No,20250710_150809,2715d2f5_20250710_150809
4,Yellow,Blue,Yellow,False,1.812,False,2,Yes,5,No,20250710_150809,2715d2f5_20250710_150809
5,Red,Green,Green,True,0.778,False,2,Yes,5,No,20250710_150809,2715d2f5_20250710_150809
1,Blue,Blue,Red,False,1.646,True,2,No,4,Yes,20250710_150809,524ff991_20250710_150809
2,Yellow,Yellow,Blue,False,1.026,True,2,No,4,Yes,20250710_150809,524ff991_20250710_150809
3,Yellow,Red,Blue,False,2.249,False,2,No,4,Yes,20250710_150809,524ff991_20250710_150809
4,Green,Red,Yellow,False,2.031,False,2,No,4,Yes,20250710_150809,524ff991_20250710_150809
5,Yellow,Green,Blue,False,0.923,False,2,No,4,Yes,20250710_150809,524ff991_20250710_150809
1,Yellow,Red,Red,True,2.017,False,8,Yes,2,No,20250710_150809,ca0c39e8_20250710_150809
2,Yellow,Yellow,Yellow,True,1.145,True,8,Yes,2,No,20250710_150809,ca0c39e8_20250710_150809
3,Yellow,Blue,Yellow,False,1.281,False,8,Yes,2,No,20250710_150809,ca0c39e8_20250710_150809
4,Yellow,Red,Green,False,1.58,False,8,Yes,2,No,20250710_150809,ca0c39e8_20250710_150809
5,Yellow,Yellow,Yellow,True,1.786,True,8,Yes,2,No,20250710_150809,ca0c39e8_20250710_150809
1,Green,Yellow,Yellow,True,2.421,False,1,No,10,No,20250710_150809,e13b1163_20250710_150809
2,Green,Yellow,Yellow,True,2.456,False,1,No,10,No,20250710_150809,e13b1163_20250710_150809
3,Blue,Red,Red,True,1.001,False,1,No,10,No,20250710_150809,e13b1163_20250710_150809
4,Blue,Red,Green,False,1.224,False,1,No,10,No,20250710_150809,e13b1163_20250710_150809
5,Yellow,Green,Green,True,1.243,False,1,No,10,No,20250710_150809,e13b1163_20250710_150809
1,Blue,Yellow,Green,False,2.235,False,7,No,1,Yes,20250710_150809,c52f1d58_20250710_150809
2,Yellow,Yellow,Green,False,0.44,True,7,No,1,Yes,20250710_150809,c52f1d58_20250710_150809
3,Yellow,Green,Blue,False,1.983,False,7,No,1,Yes,20250710_150809,c52f1d58_20250710_150809
4,Yellow,Blue,Green,False,0.478,False,7,No,1,Yes,20250710_150809,c52f1d58_20250710_150809
5,Blue,Blue,Blue,True,2.411,True,7,No,1,Yes,20250710_150809,c52f1d58_20250710_150809
1,Green,Red,Blue,False,2.227,False,6,No,0,Prefer not to say,20250710_150809,79d02929_20250710_150809
2,Blue,Green,Blue,False,1.538,False,6,No,0,Prefer not to say,20250710_150809,79d02929_20250710_150809
3,Green,Red,Blue,False,2.494,False,6,No,0,Prefer not to say,20250710_150809,79d02929_20250710_150809
4,Blue,Green,Yellow,False,0.855,False,6,No,0,Prefer not to say,20250710_150809,79d02929_20250710_150809
5,Blue,Blue,Green,False,0.695,True,6,No,0,Prefer not to say,20250710_150809,79d02929_20250710_150809
1,Blue,Yellow,Red,False,0.958,False,0,No,1,Prefer not to say,20250710_150809,9d424255_20250710_150809
2,Blue,Yellow,Yellow,True,0.493,False,0,No,1,Prefer not to say,20250710_150809,9d424255_20250710_150809
3,Blue,Green,Green,True,1.841,False,0,No,1,Prefer not to say,20250710_150809,9d424255_20250710_150809
4,Red,Blue,Green,False,2.043,False,0,No,1,Prefer not to say,20250710_150809,9d424255_20250710_150809
5,Yellow,Red,Red,True,2.32,False,0,No,1,Prefer not to say,20250710_150809,9d424255_20250710_150809
1,Yellow,Yellow,Yellow,True,1.137,True,8,No,6,Prefer not to say,20250710_150809,31ee14c8_20250710_150809
2,Red,Yellow,Red,False,0.661,False,8,No,6,Prefer not to say,20250710_150809,31ee14c8_20250710_150809
3,Yellow,Green,Green,True,1.163,False,8,No,6,Prefer not to say,20250710_150809,31ee14c8_20250710_150809
4,Yellow,Green,Yellow,False,2.074,False,8,No,6,Prefer not to say,20250710_150809,31ee14c8_20250710_150809
5,Green,Green,Blue,False,1.327,True,8,No,6,Prefer not to say,20250710_150809,31ee14c8_20250710_150809
1,Red,Red,Green,False,2.401,True,2,No,4,Prefer not to say,20250710_150809,414a6797_20250710_150809
2,Blue,Blue,Yellow,False,1.342,True,2,No,4,Prefer not to say,20250710_150809,414a6797_20250710_150809
3,Red,Green,Blue,False,2.284,False,2,No,4,Prefer not to say,20250710_150809,414a6797_20250710_150809
4,Green,Blue,Red,False,1.283,False,2,No,4,Prefer not to say,20250710_150809,414a6797_20250710_150809
5,Red,Red,Yellow,False,1.264,True,2,No,4,Prefer not to say,20250710_150809,414a6797_20250710_150809
1,Red,Green,Blue,False,0.475,False,5,No,6,Yes,20250710_150809,5d4076ac_20250710_150809
2,Yellow,Green,Blue,False,1.091,False,5,No,6,Yes,20250710_150809,5d4076ac_20250710_150809
3,Green,Yellow,Red,False,0.926,False,5,No,6,Yes,20250710_150809,5d4076ac_20250710_150809
4,Red,Green,Red,False,0.629,False,5,No,6,Yes,20250710_150809,5d4076ac_20250710_150809
5,Blue,Blue,Green,False,2.426,True,5,No,6,Yes,20250710_150809,5d4076ac_20250710_150809
1,Red,Blue,Green,False,0.356,False,10,Yes,10,No,20250710_150809,83c422d0_20250710_150809
2,Green,Blue,Red,False,0.882,False,10,Yes,10,No,20250710_150809,83c422d0_20250710_150809
3,Red,Red,Green,False,0.667,True,10,Yes,10,No,20250710_150809,83c422d0_20250710_150809
4,Green,Green,Red,False,1.869,True,10,Yes,10,No,20250710_150809,83c422d0_20250710_150809
5,Yellow,Blue,Blue,True,1.724,False,10,Yes,10,No,20250710_150809,83c422d0_20250710_150809
1,Yellow,Yellow,Blue,False,1.221,True,10,No,6,Yes,20250710_150809,5a5b2dc3_20250710_150809
2,Red,Yellow,Green,False,2.078,False,10,No,6,Yes,20250710_150809,5a5b2dc3_20250710_150809
3,Yellow,Red,Green,False,1.774,False,10,No,6,Yes,20250710_150809,5a5b2dc3_20250710_150809
4,Yellow,Red,Blue,False,0.421,False,10,No,6,Yes,20250710_150809,5a5b2dc3_20250710_150809
5,Blue,Blue,Blue,True,2.096,True,10,No,6,Yes,20250710_150809,5a5b2dc3_20250710_150809
1,Blue,Yellow,Green,False,0.86,False,3,No,1,Yes,20250710_150809,8c35b86f_20250710_150809
2,Red,Yellow,Green,False,0.661,False,3,No,1,Yes,20250710_150809,8c35b86f_20250710_150809
3,Green,Red,Yellow,False,1.032,False,3,No,1,Yes,20250710_150809,8c35b86f_20250710_150809
4,Blue,Red,Green,False,0.409,False,3,No,1,Yes,20250710_150809,8c35b86f_20250710_150809
5,Blue,Blue,Red,False,2.043,True,3,No,1,Yes,20250710_150809,8c35b86f_20250710_150809
1,Red,Green,Red,False,2.46,False,5,No,5,Yes,20250710_150809,d3d20ce9_20250710_150809
2,Yellow,Blue,Green,False,0.315,False,5,No,5,Yes,20250710_150809,d3d20ce9_20250710_150809
3,Blue,Green,Blue,False,0.651,False,5,No,5,Yes,20250710_150809,d3d20ce9_20250710_150809
4,Yellow,Red,Red,True,1.022,False,5,No,5,Yes,20250710_150809,d3d20ce9_20250710_150809
5,Red,Yellow,Green,False,0.453,False,5,No,5,Yes,20250710_150809,d3d20ce9_20250710_150809
1,Green,Red,Green,False,1.184,False,1,Yes,6,No,20250710_150809,f523ca5f_20250710_150809
2,Red,Blue,Yellow,False,1.62,False,1,Yes,6,No,20250710_150809,f523ca5f_20250710_150809
3,Red,Blue,Red,False,0.387,False,1,Yes,6,No,20250710_150809,f523ca5f_20250710_150809
4,Yellow,Green,Red,False,1.849,False,1,Yes,6,No,20250710_150809,f523ca5f_20250710_150809
5,Red,Red,Yellow,False,0.855,True,1,Yes,6,No,20250710_150809,f523ca5f_20250710_150809
1,Yellow,Green,Green,True,1.454,False,6,Yes,2,Yes,20250710_150809,c4242622_20250710_150809
2,Yellow,Green,Red,False,1.275,False,6,Yes,2,Yes,20250710_150809,c4242622_20250710_150809
3,Blue,Green,Red,False,0.353,False,6,Yes,2,Yes,20250710_150809,c4242622_20250710_150809
4,Blue,Green,Green,True,1.735,False,6,Yes,2,Yes,20250710_150809,c4242622_20250710_150809
5,Yellow,Red,Green,False,1.894,False,6,Yes,2,Yes,20250710_150809,c4242622_20250710_150809
1,Yellow,Green,Red,False,0.817,False,10,No,8,Yes,20250710_150809,2a15ce33_20250710_150809
2,Red,Yellow,Red,False,2.297,False,10,No,8,Yes,20250710_150809,2a15ce33_20250710_150809
3,Green,Red,Green,False,0.702,False,10,No,8,Yes,20250710_150809,2a15ce33_20250710_150809
4,Red,Yellow,Yellow,True,2.056,False,10,No,8,Yes,20250710_150809,2a15ce33_20250710_150809
5,Red,Blue,Red,False,0.891,False,10,No,8,Yes,20250710_150809,2a15ce33_20250710_150809
1,Red,Red,Yellow,False,2.271,True,8,No,0,Prefer not to say,20250710_150809,2d8b9000_20250710_150809
2,Green,Yellow,Blue,False,1.334,False,8,No,0,Prefer not to say,20250710_150809,2d8b9000_20250710_150809
3,Yellow,Blue,Red,False,0.394,False,8,No,0,Prefer not to say,20250710_150809,2d8b9000_20250710_150809
4,Red,Blue,Blue,True,2.242,False,8,No,0,Prefer not to say,20250710_150809,2d8b9000_20250710_150809
5,Blue,Green,Blue,False,1.558,False,8,No,0,Prefer not to say,20250710_150809,2d8b9000_20250710_150809
1,Green,Yellow,Yellow,True,1.869,False,0,No,1,Prefer not to say,20250710_150809,7a6952eb_20250710_150809
2,Yellow,Blue,Yellow,False,1.947,False,0,No,1,Prefer not to say,20250710_150809,7a6952eb_20250710_150809
3,Red,Yellow,Yellow,True,1.36,False,0,No,1,Prefer not to say,20250710_150809,7a6952eb_20250710_150809
4,Yellow,Green,Red,False,0.818,False,0,No,1,Prefer not to say,20250710_150809,7a6952eb_20250710_150809
5,Red,Green,Red,False,0.854,False,0,No,1,Prefer not to say,20250710_150809,7a6952eb_20250710_150809
1,Yellow,Green,Yellow,False,1.278,False,8,No,2,Prefer not to say,20250710_150809,b7588665_20250710_150809
2,Red,Red,Blue,False,0.311,True,8,No,2,Prefer not to say,20250710_150809,b7588665_20250710_150809
3,Yellow,Yellow,Red,False,1.462,True,8,No,2,Prefer not to say,20250710_150809,b7588665_20250710_150809
4,Yellow,Blue,Green,False,0.925,False,8,No,2,Prefer not to say,20250710_150809,b7588665_20250710_150809
5,Green,Red,Blue,False,1.325,False,8,No,2,Prefer not to say,20250710_150809,b7588665_20250710_150809
1,Yellow,Blue,Yellow,False,1.894,False,1,No,4,Prefer not to say,20250710_150809,7e58d341_20250710_150809
2,Green,Green,Green,True,2.489,True,1,No,4,Prefer not to say,20250710_150809,7e58d341_20250710_150809
3,Green,Blue,Blue,True,0.871,False,1,No,4,Prefer not to say,20250710_150809,7e58d341_20250710_150809
4,Red,Yellow,Blue,False,1.646,False,1,No,4,Prefer not to say,20250710_150809,7e58d341_20250710_150809
5,Blue,Yellow,Yellow,True,0.586,False,1,No,4,Prefer not to say,20250710_150809,7e58d341_20250710_150809
1,Red,Red,Yellow,False,1.14,True,5,Yes,2,Prefer not to say,20250710_150809,e571983d_20250710_150809
2,Green,Red,Yellow,False,2.295,False,5,Yes,2,Prefer not to say,20250710_150809,e571983d_20250710_150809
3,Yellow,Blue,Red,False,0.571,False,5,Yes,2,Prefer not to say,20250710_150809,e571983d_20250710_150809
4,Yellow,Red,Green,False,1.311,False,5,Yes,2,Prefer not to say,20250710_150809,e571983d_20250710_150809
5,Blue,Red,Red,True,1.432,False,5,Yes,2,Prefer not to say,20250710_150809,e571983d_20250710_150809
1,Yellow,Blue,Yellow,False,1.484,False,8,Yes,1,Yes,20250710_150809,d051cb90_20250710_150809
2,Green,Red,Green,False,0.745,False,8,Yes,1,Yes,20250710_150809,d051cb90_20250710_150809
3,Green,Yellow,Red,False,2.491,False,8,Yes,1,Yes,20250710_150809,d051cb90_20250710_150809
4,Green,Yellow,Green,False,2.435,False,8,Yes,1,Yes,20250710_150809,d051cb90_20250710_150809
5,Red,Red,Red,True,0.356,True,8,Yes,1,Yes,20250710_150809,d051cb90_20250710_150809
1,Red,Blue,Green,False,1.611,False,1,No,0,Prefer not to say,20250710_150809,62cbe2cf_20250710_150809
2,Yellow,Blue,Blue,True,0.839,False,1,No,0,Prefer not to say,20250710_150809,62cbe2cf_20250710_150809
3,Red,Blue,Green,False,1.217,False,1,No,0,Prefer not to say,20250710_150809,62cbe2cf_20250710_150809
4,Red,Blue,Blue,True,2.345,False,1,No,0,Prefer not to say,20250710_150809,62cbe2cf_20250710_150809
5,Yellow,Green,Green,True,0.315,False,1,No,0,Prefer not to say,20250710_150809,62cbe2cf_20250710_150809
1,Red,Blue,Green,False,2.358,False,7,Yes,2,Yes,20250710_150809,e9e1d43d_20250710_150809
2,Blue,Red,Blue,False,1.858,False,7,Yes,2,Yes,20250710_150809,e9e1d43d_20250710_150809
3,Blue,Red,Yellow,False,1.861,False,7,Yes,2,Yes,20250710_150809,e9e1d43d_20250710_150809
4,Red,Yellow,Yellow,True,1.844,False,7,Yes,2,Yes,20250710_150809,e9e1d43d_20250710_150809
5,Red,Red,Yellow,False,1.63,True,7,Yes,2,Yes,20250710_150809,e9e1d43d_20250710_150809
1,Yellow,Green,Green,True,1.806,False,6,No,6,Yes,20250710_150809,50c18d9d_20250710_150809
2,Yellow,Yellow,Yellow,True,1.138,True,6,No,6,Yes,20250710_150809,50c18d9d_20250710_150809
3,Red,Yellow,Green,False,1.973,False,6,No,6,Yes,20250710_150809,50c18d9d_20250710_150809
4,Green,Green,Blue,False,0.815,True,6,No,6,Yes,20250710_150809,50c18d9d_20250710_150809
5,Blue,Blue,Red,False,1.592,True,6,No,6,Yes,20250710_150809,50c18d9d_20250710_150809
1,Blue,Red,Yellow,False,1.671,False,6,No,9,Yes,20250710_150809,accdd21d_20250710_150809
2,Blue,Red,Yellow,False,0.625,False,6,No,9,Yes,20250710_150809,accdd21d_20250710_150809
3,Yellow,Green,Yellow,False,2.467,False,6,No,9,Yes,20250710_150809,accdd21d_20250710_150809
4,Red,Green,Yellow,False,2.455,False,6,No,9,Yes,20250710_150809,accdd21d_20250710_150809
5,Green,Yellow,Green,False,1.065,False,6,No,9,Yes,20250710_150809,accdd21d_20250710_150809
1,Red,Red,Green,False,0.722,True,3,Yes,7,Yes,20250710_150809,a6d0da0a_20250710_150809
2,Blue,Green,Red,False,2.231,False,3,Yes,7,Yes,20250710_150809,a6d0da0a_20250710_150809
3,Blue,Blue,Blue,True,0.52,True,3,Yes,7,Yes,20250710_150809,a6d0da0a_20250710_150809
4,Green,Green,Red,False,1.417,True,3,Yes,7,Yes,20250710_150809,a6d0da0a_20250710_150809
5,Yellow,Blue,Yellow,False,2.066,False,3,Yes,7,Yes,20250710_150809,a6d0da0a_20250710_150809
1,Yellow,Red,Red,True,1.632,False,5,No,2,No,20250710_150809,0b051d52_20250710_150809
2,Yellow,Blue,Red,False,1.6,False,5,No,2,No,20250710_150809,0b051d52_20250710_150809
3,Yellow,Green,Green,True,0.354,False,5,No,2,No,20250710_150809,0b051d52_20250710_150809
4,Blue,Green,Yellow,False,1.527,False,5,No,2,No,20250710_150809,0b051d52_20250710_150809
5,Red,Red,Green,False,1.218,True,5,No,2,No,20250710_150809,0b051d52_20250710_150809
1,Yellow,Green,Blue,False,0.318,False,4,No,7,No,20250710_150809,407314da_20250710_150809
2,Green,Yellow,Green,False,2.079,False,4,No,7,No,20250710_150809,407314da_20250710_150809
3,Green,Red,Green,False,0.48,False,4,No,7,No,20250710_150809,407314da_20250710_150809
4,Blue,Green,Green,True,1.956,False,4,No,7,No,20250710_150809,407314da_20250710_150809
5,Red,Yellow,Yellow,True,1.215,False,4,No,7,No,20250710_150809,407314da_20250710_150809
1,Blue,Green,Yellow,False,0.931,False,7,Yes,7,No,20250710_150809,775ce1dc_20250710_150809
2,Green,Red,Green,False,2.013,False,7,Yes,7,No,20250710_150809,775ce1dc_20250710_150809
3,Red,Red,Blue,False,0.444,True,7,Yes,7,No,20250710_150809,775ce1dc_20250710_150809
4,Yellow,Red,Green,False,0.73,False,7,Yes,7,No,20250710_150809,775ce1dc_20250710_150809
5,Yellow,Red,Yellow,False,0.837,False,7,Yes,7,No,20250710_150809,775ce1dc_20250710_150809
1,Blue,Blue,Yellow,False,1.833,True,2,Yes,8,Prefer not to say,20250710_150809,57b6176a_20250710_150809
2,Blue,Green,Blue,False,0.688,False,2,Yes,8,Prefer not to say,20250710_150809,57b6176a_20250710_150809
3,Yellow,Red,Yellow,False,0.365,False,2,Yes,8,Prefer not to say,20250710_150809,57b6176a_20250710_150809
4,Red,Green,Yellow,False,0.485,False,2,Yes,8,Prefer not to say,20250710_150809,57b6176a_20250710_150809
5,Blue,Blue,Blue,True,0.902,True,2,Yes,8,Prefer not to say,20250710_150809,57b6176a_20250710_150809
1,Green,Yellow,Blue,False,1.164,False,5,Yes,7,Prefer not to say,20250710_150809,0b60c0c2_20250710_150809
2,Yellow,Yellow,Red,False,1.564,True,5,Yes,7,Prefer not to say,20250710_150809,0b60c0c2_20250710_150809
3,Green,Green,Red,False,2.292,True,5,Yes,7,Prefer not to say,20250710_150809,0b60c0c2_20250710_150809
4,Yellow,Blue,Blue,True,1.131,False,5,Yes,7,Prefer not to say,20250710_150809,0b60c0c2_20250710_150809
5,Blue,Green,Blue,False,1.44,False,5,Yes,7,Prefer not to say,20250710_150809,0b60c0c2_20250710_150809
1,Blue,Green,Green,True,0.321,False,4,Yes,3,Yes,20250710_150809,947b347a_20250710_150809
2,Blue,Yellow,Yellow,True,1.519,False,4,Yes,3,Yes,20250710_150809,947b347a_20250710_150809
3,Green,Green,Green,True,2.28,True,4,Yes,3,Yes,20250710_150809,947b347a_20250710_150809
4,Green,Green,Yellow,False,1.093,True,4,Yes,3,Yes,20250710_150809,947b347a_20250710_150809
5,Blue,Yellow,Green,False,1.181,False,4,Yes,3,Yes,20250710_150809,947b347a_20250710_150809
1,Blue,Blue,Red,False,2.372,True,3,No,2,Prefer not to say,20250710_150809,a546bf19_20250710_150809
2,Green,Blue,Red,False,0.561,False,3,No,2,Prefer not to say,20250710_150809,a546bf19_20250710_150809
3,Green,Yellow,Red,False,0.543,False,3,No,2,Prefer not to say,20250710_150809,a546bf19_20250710_150809
4,Green,Yellow,Red,False,2.227,False,3,No,2,Prefer not to say,20250710_150809,a546bf19_20250710_150809
5,Red,Yellow,Yellow,True,1.654,False,3,No,2,Prefer not to say,20250710_150809,a546bf19_20250710_150809
1,Green,Green,Yellow,False,2.19,True,9,No,7,Prefer not to say,20250710_150809,d37a7475_20250710_150809
2,Yellow,Yellow,Red,False,1.571,True,9,No,7,Prefer not to say,20250710_150809,d37a7475_20250710_150809
3,Yellow,Green,Green,True,2.34,False,9,No,7,Prefer not to say,20250710_150809,d37a7475_20250710_150809
4,Yellow,Green,Blue,False,1.324,False,9,No,7,Prefer not to say,20250710_150809,d37a7475_20250710_150809
5,Yellow,Green,Green,True,0.345,False,9,No,7,Prefer not to say,20250710_150809,d37a7475_20250710_150809
1,Blue,Red,Yellow,False,1.987,False,7,Yes,4,No,20250710_150809,a4164fbe_20250710_150809
2,Blue,Red,Blue,False,2.467,False,7,Yes,4,No,20250710_150809,a4164fbe_20250710_150809
3,Yellow,Red,Red,True,2.483,False,7,Yes,4,No,20250710_150809,a4164fbe_20250710_150809
4,Red,Green,Yellow,False,1.141,False,7,Yes,4,No,20250710_150809,a4164fbe_20250710_150809
5,Green,Green,Red,False,1.279,True,7,Yes,4,No,20250710_150809,a4164fbe_20250710_150809
1,Red,Green,Blue,False,0.627,False,3,No,6,Yes,20250710_150809,7f4a2a0a_20250710_150809
2,Red,Yellow,Blue,False,1.298,False,3,No,6,Yes,20250710_150809,7f4a2a0a_20250710_150809
3,Green,Red,Yellow,False,0.425,False,3,No,6,Yes,20250710_150809,7f4a2a0a_20250710_150809
4,Yellow,Green,Blue,False,1.548,False,3,No,6,Yes,20250710_150809,7f4a2a0a_20250710_150809
5,Red,Green,Yellow,False,0.95,False,3,No,6,Yes,20250710_150809,7f4a2a0a_20250710_150809
